{
  "app_name": "HELLO_JSON_APP",
  "target_subdir": "",
  "file_name": "HELLO_JSON_APP.BAT",
  "description": "Simple batch app created from JSON.",
  "lines": [
    "@echo off",
    "setlocal",
    "title HELLO_JSON_APP - JSON Generated BAT",
    "cls",
    "echo ================================",
    "echo  HELLO_JSON_APP - FROM JSON",
    "echo ================================",
    "echo.",
    "echo This batch file was defined",
    "echo in a JSON file and then",
    "echo written to disk by COMET.",
    "echo.",
    "pause",
    "endlocal"
  ]
}
