[
  {
    "id": 1,
    "symbol": "SYM_001_",
    "flags": 1,
    "phrase": "Example phrase 1",
    "C": "C code 1",
    "VB6": "VB6 code 1",
    "ASM": "ASM code 1"
  },
  {
    "id": 2,
    "symbol": "SYM_002_",
    "flags": 1,
    "phrase": "Example phrase 2",
    "C": "C code 2",
    "VB6": "VB6 code 2",
    "ASM": "ASM code 2"
  },
  {
    "id": 3,
    "symbol": "SYM_003_",
    "flags": 1,
    "phrase": "Example phrase 3",
    "C": "C code 3",
    "VB6": "VB6 code 3",
    "ASM": "ASM code 3"
  }
]